method,venue,year,prompt,training_setting,split_or_domain,metric,value,source_url,source_location,status,verified_on,notes
LOCA,ICCV,2023,not fully reported in CLOC paper,FSC-147-trained official checkpoint; out-of-box on CLOC-v1.1,Full Test,MAE,68.09,https://github.com/Mengqi-Lei/count-anything/blob/main/assets/readme/cloc_v1_1_main_results_table.png,assets/readme/cloc_v1_1_main_results_table.png,verified,2026-08-10,CLOC-v1.1 corrected-test static official snapshot; lower is better; no public submission leaderboard
LOCA,ICCV,2023,not fully reported in CLOC paper,FSC-147-trained official checkpoint; out-of-box on CLOC-v1.1,Full Test,RMSE,179.34,https://github.com/Mengqi-Lei/count-anything/blob/main/assets/readme/cloc_v1_1_main_results_table.png,assets/readme/cloc_v1_1_main_results_table.png,verified,2026-08-10,CLOC-v1.1 corrected-test static official snapshot; lower is better; no public submission leaderboard
LOCA,ICCV,2023,not fully reported in CLOC paper,FSC-147-trained official checkpoint; out-of-box on CLOC-v1.1,Full Test,NAE,14.7,https://github.com/Mengqi-Lei/count-anything/blob/main/assets/readme/cloc_v1_1_main_results_table.png,assets/readme/cloc_v1_1_main_results_table.png,verified,2026-08-10,CLOC-v1.1 corrected-test static official snapshot; lower is better; no public submission leaderboard
LOCA,ICCV,2023,not fully reported in CLOC paper,FSC-147-trained official checkpoint; out-of-box on CLOC-v1.1,General Scene,MAE,53.45,https://github.com/Mengqi-Lei/count-anything/blob/main/assets/readme/cloc_v1_1_main_results_table.png,assets/readme/cloc_v1_1_main_results_table.png,verified,2026-08-10,CLOC-v1.1 corrected-test static official snapshot; lower is better; no public submission leaderboard
LOCA,ICCV,2023,not fully reported in CLOC paper,FSC-147-trained official checkpoint; out-of-box on CLOC-v1.1,Remote Sensing,MAE,81.41,https://github.com/Mengqi-Lei/count-anything/blob/main/assets/readme/cloc_v1_1_main_results_table.png,assets/readme/cloc_v1_1_main_results_table.png,verified,2026-08-10,CLOC-v1.1 corrected-test static official snapshot; lower is better; no public submission leaderboard
LOCA,ICCV,2023,not fully reported in CLOC paper,FSC-147-trained official checkpoint; out-of-box on CLOC-v1.1,Histopathology,MAE,65.86,https://github.com/Mengqi-Lei/count-anything/blob/main/assets/readme/cloc_v1_1_main_results_table.png,assets/readme/cloc_v1_1_main_results_table.png,verified,2026-08-10,CLOC-v1.1 corrected-test static official snapshot; lower is better; no public submission leaderboard
LOCA,ICCV,2023,not fully reported in CLOC paper,FSC-147-trained official checkpoint; out-of-box on CLOC-v1.1,Cellular Microscopy,MAE,124.36,https://github.com/Mengqi-Lei/count-anything/blob/main/assets/readme/cloc_v1_1_main_results_table.png,assets/readme/cloc_v1_1_main_results_table.png,verified,2026-08-10,CLOC-v1.1 corrected-test static official snapshot; lower is better; no public submission leaderboard
LOCA,ICCV,2023,not fully reported in CLOC paper,FSC-147-trained official checkpoint; out-of-box on CLOC-v1.1,Agriculture,MAE,473.81,https://github.com/Mengqi-Lei/count-anything/blob/main/assets/readme/cloc_v1_1_main_results_table.png,assets/readme/cloc_v1_1_main_results_table.png,verified,2026-08-10,CLOC-v1.1 corrected-test static official snapshot; lower is better; no public submission leaderboard
LOCA,ICCV,2023,not fully reported in CLOC paper,FSC-147-trained official checkpoint; out-of-box on CLOC-v1.1,Microbiology,MAE,39.47,https://github.com/Mengqi-Lei/count-anything/blob/main/assets/readme/cloc_v1_1_main_results_table.png,assets/readme/cloc_v1_1_main_results_table.png,verified,2026-08-10,CLOC-v1.1 corrected-test static official snapshot; lower is better; no public submission leaderboard
CLIP-Count,ACM MM,2023,not fully reported in CLOC paper,FSC-147-trained official checkpoint; out-of-box on CLOC-v1.1,Full Test,MAE,30.97,https://github.com/Mengqi-Lei/count-anything/blob/main/assets/readme/cloc_v1_1_main_results_table.png,assets/readme/cloc_v1_1_main_results_table.png,verified,2026-08-10,CLOC-v1.1 corrected-test static official snapshot; lower is better; no public submission leaderboard
CLIP-Count,ACM MM,2023,not fully reported in CLOC paper,FSC-147-trained official checkpoint; out-of-box on CLOC-v1.1,Full Test,RMSE,119.65,https://github.com/Mengqi-Lei/count-anything/blob/main/assets/readme/cloc_v1_1_main_results_table.png,assets/readme/cloc_v1_1_main_results_table.png,verified,2026-08-10,CLOC-v1.1 corrected-test static official snapshot; lower is better; no public submission leaderboard
CLIP-Count,ACM MM,2023,not fully reported in CLOC paper,FSC-147-trained official checkpoint; out-of-box on CLOC-v1.1,Full Test,NAE,4.48,https://github.com/Mengqi-Lei/count-anything/blob/main/assets/readme/cloc_v1_1_main_results_table.png,assets/readme/cloc_v1_1_main_results_table.png,verified,2026-08-10,CLOC-v1.1 corrected-test static official snapshot; lower is better; no public submission leaderboard
CLIP-Count,ACM MM,2023,not fully reported in CLOC paper,FSC-147-trained official checkpoint; out-of-box on CLOC-v1.1,General Scene,MAE,23.28,https://github.com/Mengqi-Lei/count-anything/blob/main/assets/readme/cloc_v1_1_main_results_table.png,assets/readme/cloc_v1_1_main_results_table.png,verified,2026-08-10,CLOC-v1.1 corrected-test static official snapshot; lower is better; no public submission leaderboard
CLIP-Count,ACM MM,2023,not fully reported in CLOC paper,FSC-147-trained official checkpoint; out-of-box on CLOC-v1.1,Remote Sensing,MAE,25.82,https://github.com/Mengqi-Lei/count-anything/blob/main/assets/readme/cloc_v1_1_main_results_table.png,assets/readme/cloc_v1_1_main_results_table.png,verified,2026-08-10,CLOC-v1.1 corrected-test static official snapshot; lower is better; no public submission leaderboard
CLIP-Count,ACM MM,2023,not fully reported in CLOC paper,FSC-147-trained official checkpoint; out-of-box on CLOC-v1.1,Histopathology,MAE,57.98,https://github.com/Mengqi-Lei/count-anything/blob/main/assets/readme/cloc_v1_1_main_results_table.png,assets/readme/cloc_v1_1_main_results_table.png,verified,2026-08-10,CLOC-v1.1 corrected-test static official snapshot; lower is better; no public submission leaderboard
CLIP-Count,ACM MM,2023,not fully reported in CLOC paper,FSC-147-trained official checkpoint; out-of-box on CLOC-v1.1,Cellular Microscopy,MAE,121.17,https://github.com/Mengqi-Lei/count-anything/blob/main/assets/readme/cloc_v1_1_main_results_table.png,assets/readme/cloc_v1_1_main_results_table.png,verified,2026-08-10,CLOC-v1.1 corrected-test static official snapshot; lower is better; no public submission leaderboard
CLIP-Count,ACM MM,2023,not fully reported in CLOC paper,FSC-147-trained official checkpoint; out-of-box on CLOC-v1.1,Agriculture,MAE,298.45,https://github.com/Mengqi-Lei/count-anything/blob/main/assets/readme/cloc_v1_1_main_results_table.png,assets/readme/cloc_v1_1_main_results_table.png,verified,2026-08-10,CLOC-v1.1 corrected-test static official snapshot; lower is better; no public submission leaderboard
CLIP-Count,ACM MM,2023,not fully reported in CLOC paper,FSC-147-trained official checkpoint; out-of-box on CLOC-v1.1,Microbiology,MAE,22.4,https://github.com/Mengqi-Lei/count-anything/blob/main/assets/readme/cloc_v1_1_main_results_table.png,assets/readme/cloc_v1_1_main_results_table.png,verified,2026-08-10,CLOC-v1.1 corrected-test static official snapshot; lower is better; no public submission leaderboard
CounTX,BMVC,2023,not fully reported in CLOC paper,FSC-147-trained official checkpoint; out-of-box on CLOC-v1.1,Full Test,MAE,31.79,https://github.com/Mengqi-Lei/count-anything/blob/main/assets/readme/cloc_v1_1_main_results_table.png,assets/readme/cloc_v1_1_main_results_table.png,verified,2026-08-10,CLOC-v1.1 corrected-test static official snapshot; lower is better; no public submission leaderboard
CounTX,BMVC,2023,not fully reported in CLOC paper,FSC-147-trained official checkpoint; out-of-box on CLOC-v1.1,Full Test,RMSE,123.17,https://github.com/Mengqi-Lei/count-anything/blob/main/assets/readme/cloc_v1_1_main_results_table.png,assets/readme/cloc_v1_1_main_results_table.png,verified,2026-08-10,CLOC-v1.1 corrected-test static official snapshot; lower is better; no public submission leaderboard
CounTX,BMVC,2023,not fully reported in CLOC paper,FSC-147-trained official checkpoint; out-of-box on CLOC-v1.1,Full Test,NAE,4.74,https://github.com/Mengqi-Lei/count-anything/blob/main/assets/readme/cloc_v1_1_main_results_table.png,assets/readme/cloc_v1_1_main_results_table.png,verified,2026-08-10,CLOC-v1.1 corrected-test static official snapshot; lower is better; no public submission leaderboard
CounTX,BMVC,2023,not fully reported in CLOC paper,FSC-147-trained official checkpoint; out-of-box on CLOC-v1.1,General Scene,MAE,22.79,https://github.com/Mengqi-Lei/count-anything/blob/main/assets/readme/cloc_v1_1_main_results_table.png,assets/readme/cloc_v1_1_main_results_table.png,verified,2026-08-10,CLOC-v1.1 corrected-test static official snapshot; lower is better; no public submission leaderboard
CounTX,BMVC,2023,not fully reported in CLOC paper,FSC-147-trained official checkpoint; out-of-box on CLOC-v1.1,Remote Sensing,MAE,30.07,https://github.com/Mengqi-Lei/count-anything/blob/main/assets/readme/cloc_v1_1_main_results_table.png,assets/readme/cloc_v1_1_main_results_table.png,verified,2026-08-10,CLOC-v1.1 corrected-test static official snapshot; lower is better; no public submission leaderboard
CounTX,BMVC,2023,not fully reported in CLOC paper,FSC-147-trained official checkpoint; out-of-box on CLOC-v1.1,Histopathology,MAE,64.64,https://github.com/Mengqi-Lei/count-anything/blob/main/assets/readme/cloc_v1_1_main_results_table.png,assets/readme/cloc_v1_1_main_results_table.png,verified,2026-08-10,CLOC-v1.1 corrected-test static official snapshot; lower is better; no public submission leaderboard
CounTX,BMVC,2023,not fully reported in CLOC paper,FSC-147-trained official checkpoint; out-of-box on CLOC-v1.1,Cellular Microscopy,MAE,112.22,https://github.com/Mengqi-Lei/count-anything/blob/main/assets/readme/cloc_v1_1_main_results_table.png,assets/readme/cloc_v1_1_main_results_table.png,verified,2026-08-10,CLOC-v1.1 corrected-test static official snapshot; lower is better; no public submission leaderboard
CounTX,BMVC,2023,not fully reported in CLOC paper,FSC-147-trained official checkpoint; out-of-box on CLOC-v1.1,Agriculture,MAE,301.1,https://github.com/Mengqi-Lei/count-anything/blob/main/assets/readme/cloc_v1_1_main_results_table.png,assets/readme/cloc_v1_1_main_results_table.png,verified,2026-08-10,CLOC-v1.1 corrected-test static official snapshot; lower is better; no public submission leaderboard
CounTX,BMVC,2023,not fully reported in CLOC paper,FSC-147-trained official checkpoint; out-of-box on CLOC-v1.1,Microbiology,MAE,27.41,https://github.com/Mengqi-Lei/count-anything/blob/main/assets/readme/cloc_v1_1_main_results_table.png,assets/readme/cloc_v1_1_main_results_table.png,verified,2026-08-10,CLOC-v1.1 corrected-test static official snapshot; lower is better; no public submission leaderboard
VLCounter,AAAI,2024,not fully reported in CLOC paper,FSC-147-trained official checkpoint; out-of-box on CLOC-v1.1,Full Test,MAE,30.24,https://github.com/Mengqi-Lei/count-anything/blob/main/assets/readme/cloc_v1_1_main_results_table.png,assets/readme/cloc_v1_1_main_results_table.png,verified,2026-08-10,CLOC-v1.1 corrected-test static official snapshot; lower is better; no public submission leaderboard
VLCounter,AAAI,2024,not fully reported in CLOC paper,FSC-147-trained official checkpoint; out-of-box on CLOC-v1.1,Full Test,RMSE,123.09,https://github.com/Mengqi-Lei/count-anything/blob/main/assets/readme/cloc_v1_1_main_results_table.png,assets/readme/cloc_v1_1_main_results_table.png,verified,2026-08-10,CLOC-v1.1 corrected-test static official snapshot; lower is better; no public submission leaderboard
VLCounter,AAAI,2024,not fully reported in CLOC paper,FSC-147-trained official checkpoint; out-of-box on CLOC-v1.1,Full Test,NAE,3.06,https://github.com/Mengqi-Lei/count-anything/blob/main/assets/readme/cloc_v1_1_main_results_table.png,assets/readme/cloc_v1_1_main_results_table.png,verified,2026-08-10,CLOC-v1.1 corrected-test static official snapshot; lower is better; no public submission leaderboard
VLCounter,AAAI,2024,not fully reported in CLOC paper,FSC-147-trained official checkpoint; out-of-box on CLOC-v1.1,General Scene,MAE,22.85,https://github.com/Mengqi-Lei/count-anything/blob/main/assets/readme/cloc_v1_1_main_results_table.png,assets/readme/cloc_v1_1_main_results_table.png,verified,2026-08-10,CLOC-v1.1 corrected-test static official snapshot; lower is better; no public submission leaderboard
VLCounter,AAAI,2024,not fully reported in CLOC paper,FSC-147-trained official checkpoint; out-of-box on CLOC-v1.1,Remote Sensing,MAE,22.46,https://github.com/Mengqi-Lei/count-anything/blob/main/assets/readme/cloc_v1_1_main_results_table.png,assets/readme/cloc_v1_1_main_results_table.png,verified,2026-08-10,CLOC-v1.1 corrected-test static official snapshot; lower is better; no public submission leaderboard
VLCounter,AAAI,2024,not fully reported in CLOC paper,FSC-147-trained official checkpoint; out-of-box on CLOC-v1.1,Histopathology,MAE,55.14,https://github.com/Mengqi-Lei/count-anything/blob/main/assets/readme/cloc_v1_1_main_results_table.png,assets/readme/cloc_v1_1_main_results_table.png,verified,2026-08-10,CLOC-v1.1 corrected-test static official snapshot; lower is better; no public submission leaderboard
VLCounter,AAAI,2024,not fully reported in CLOC paper,FSC-147-trained official checkpoint; out-of-box on CLOC-v1.1,Cellular Microscopy,MAE,125.83,https://github.com/Mengqi-Lei/count-anything/blob/main/assets/readme/cloc_v1_1_main_results_table.png,assets/readme/cloc_v1_1_main_results_table.png,verified,2026-08-10,CLOC-v1.1 corrected-test static official snapshot; lower is better; no public submission leaderboard
VLCounter,AAAI,2024,not fully reported in CLOC paper,FSC-147-trained official checkpoint; out-of-box on CLOC-v1.1,Agriculture,MAE,306.38,https://github.com/Mengqi-Lei/count-anything/blob/main/assets/readme/cloc_v1_1_main_results_table.png,assets/readme/cloc_v1_1_main_results_table.png,verified,2026-08-10,CLOC-v1.1 corrected-test static official snapshot; lower is better; no public submission leaderboard
VLCounter,AAAI,2024,not fully reported in CLOC paper,FSC-147-trained official checkpoint; out-of-box on CLOC-v1.1,Microbiology,MAE,37.72,https://github.com/Mengqi-Lei/count-anything/blob/main/assets/readme/cloc_v1_1_main_results_table.png,assets/readme/cloc_v1_1_main_results_table.png,verified,2026-08-10,CLOC-v1.1 corrected-test static official snapshot; lower is better; no public submission leaderboard
VA-Count,ECCV,2024,not fully reported in CLOC paper,FSC-147-trained official checkpoint; out-of-box on CLOC-v1.1,Full Test,MAE,33.81,https://github.com/Mengqi-Lei/count-anything/blob/main/assets/readme/cloc_v1_1_main_results_table.png,assets/readme/cloc_v1_1_main_results_table.png,verified,2026-08-10,CLOC-v1.1 corrected-test static official snapshot; lower is better; no public submission leaderboard
VA-Count,ECCV,2024,not fully reported in CLOC paper,FSC-147-trained official checkpoint; out-of-box on CLOC-v1.1,Full Test,RMSE,130.73,https://github.com/Mengqi-Lei/count-anything/blob/main/assets/readme/cloc_v1_1_main_results_table.png,assets/readme/cloc_v1_1_main_results_table.png,verified,2026-08-10,CLOC-v1.1 corrected-test static official snapshot; lower is better; no public submission leaderboard
VA-Count,ECCV,2024,not fully reported in CLOC paper,FSC-147-trained official checkpoint; out-of-box on CLOC-v1.1,Full Test,NAE,4.59,https://github.com/Mengqi-Lei/count-anything/blob/main/assets/readme/cloc_v1_1_main_results_table.png,assets/readme/cloc_v1_1_main_results_table.png,verified,2026-08-10,CLOC-v1.1 corrected-test static official snapshot; lower is better; no public submission leaderboard
VA-Count,ECCV,2024,not fully reported in CLOC paper,FSC-147-trained official checkpoint; out-of-box on CLOC-v1.1,General Scene,MAE,21.84,https://github.com/Mengqi-Lei/count-anything/blob/main/assets/readme/cloc_v1_1_main_results_table.png,assets/readme/cloc_v1_1_main_results_table.png,verified,2026-08-10,CLOC-v1.1 corrected-test static official snapshot; lower is better; no public submission leaderboard
VA-Count,ECCV,2024,not fully reported in CLOC paper,FSC-147-trained official checkpoint; out-of-box on CLOC-v1.1,Remote Sensing,MAE,36.42,https://github.com/Mengqi-Lei/count-anything/blob/main/assets/readme/cloc_v1_1_main_results_table.png,assets/readme/cloc_v1_1_main_results_table.png,verified,2026-08-10,CLOC-v1.1 corrected-test static official snapshot; lower is better; no public submission leaderboard
VA-Count,ECCV,2024,not fully reported in CLOC paper,FSC-147-trained official checkpoint; out-of-box on CLOC-v1.1,Histopathology,MAE,72.5,https://github.com/Mengqi-Lei/count-anything/blob/main/assets/readme/cloc_v1_1_main_results_table.png,assets/readme/cloc_v1_1_main_results_table.png,verified,2026-08-10,CLOC-v1.1 corrected-test static official snapshot; lower is better; no public submission leaderboard
VA-Count,ECCV,2024,not fully reported in CLOC paper,FSC-147-trained official checkpoint; out-of-box on CLOC-v1.1,Cellular Microscopy,MAE,163.73,https://github.com/Mengqi-Lei/count-anything/blob/main/assets/readme/cloc_v1_1_main_results_table.png,assets/readme/cloc_v1_1_main_results_table.png,verified,2026-08-10,CLOC-v1.1 corrected-test static official snapshot; lower is better; no public submission leaderboard
VA-Count,ECCV,2024,not fully reported in CLOC paper,FSC-147-trained official checkpoint; out-of-box on CLOC-v1.1,Agriculture,MAE,315.23,https://github.com/Mengqi-Lei/count-anything/blob/main/assets/readme/cloc_v1_1_main_results_table.png,assets/readme/cloc_v1_1_main_results_table.png,verified,2026-08-10,CLOC-v1.1 corrected-test static official snapshot; lower is better; no public submission leaderboard
VA-Count,ECCV,2024,not fully reported in CLOC paper,FSC-147-trained official checkpoint; out-of-box on CLOC-v1.1,Microbiology,MAE,20.47,https://github.com/Mengqi-Lei/count-anything/blob/main/assets/readme/cloc_v1_1_main_results_table.png,assets/readme/cloc_v1_1_main_results_table.png,verified,2026-08-10,CLOC-v1.1 corrected-test static official snapshot; lower is better; no public submission leaderboard
CountGD,NeurIPS,2024,not fully reported in CLOC paper,FSC-147-trained official checkpoint; out-of-box on CLOC-v1.1,Full Test,MAE,56.62,https://github.com/Mengqi-Lei/count-anything/blob/main/assets/readme/cloc_v1_1_main_results_table.png,assets/readme/cloc_v1_1_main_results_table.png,verified,2026-08-10,CLOC-v1.1 corrected-test static official snapshot; lower is better; no public submission leaderboard
CountGD,NeurIPS,2024,not fully reported in CLOC paper,FSC-147-trained official checkpoint; out-of-box on CLOC-v1.1,Full Test,RMSE,1099.56,https://github.com/Mengqi-Lei/count-anything/blob/main/assets/readme/cloc_v1_1_main_results_table.png,assets/readme/cloc_v1_1_main_results_table.png,verified,2026-08-10,CLOC-v1.1 corrected-test static official snapshot; lower is better; no public submission leaderboard
CountGD,NeurIPS,2024,not fully reported in CLOC paper,FSC-147-trained official checkpoint; out-of-box on CLOC-v1.1,Full Test,NAE,5.17,https://github.com/Mengqi-Lei/count-anything/blob/main/assets/readme/cloc_v1_1_main_results_table.png,assets/readme/cloc_v1_1_main_results_table.png,verified,2026-08-10,CLOC-v1.1 corrected-test static official snapshot; lower is better; no public submission leaderboard
CountGD,NeurIPS,2024,not fully reported in CLOC paper,FSC-147-trained official checkpoint; out-of-box on CLOC-v1.1,General Scene,MAE,54.75,https://github.com/Mengqi-Lei/count-anything/blob/main/assets/readme/cloc_v1_1_main_results_table.png,assets/readme/cloc_v1_1_main_results_table.png,verified,2026-08-10,CLOC-v1.1 corrected-test static official snapshot; lower is better; no public submission leaderboard
CountGD,NeurIPS,2024,not fully reported in CLOC paper,FSC-147-trained official checkpoint; out-of-box on CLOC-v1.1,Remote Sensing,MAE,42.25,https://github.com/Mengqi-Lei/count-anything/blob/main/assets/readme/cloc_v1_1_main_results_table.png,assets/readme/cloc_v1_1_main_results_table.png,verified,2026-08-10,CLOC-v1.1 corrected-test static official snapshot; lower is better; no public submission leaderboard
CountGD,NeurIPS,2024,not fully reported in CLOC paper,FSC-147-trained official checkpoint; out-of-box on CLOC-v1.1,Histopathology,MAE,99.69,https://github.com/Mengqi-Lei/count-anything/blob/main/assets/readme/cloc_v1_1_main_results_table.png,assets/readme/cloc_v1_1_main_results_table.png,verified,2026-08-10,CLOC-v1.1 corrected-test static official snapshot; lower is better; no public submission leaderboard
CountGD,NeurIPS,2024,not fully reported in CLOC paper,FSC-147-trained official checkpoint; out-of-box on CLOC-v1.1,Cellular Microscopy,MAE,114.5,https://github.com/Mengqi-Lei/count-anything/blob/main/assets/readme/cloc_v1_1_main_results_table.png,assets/readme/cloc_v1_1_main_results_table.png,verified,2026-08-10,CLOC-v1.1 corrected-test static official snapshot; lower is better; no public submission leaderboard
CountGD,NeurIPS,2024,not fully reported in CLOC paper,FSC-147-trained official checkpoint; out-of-box on CLOC-v1.1,Agriculture,MAE,244.8,https://github.com/Mengqi-Lei/count-anything/blob/main/assets/readme/cloc_v1_1_main_results_table.png,assets/readme/cloc_v1_1_main_results_table.png,verified,2026-08-10,CLOC-v1.1 corrected-test static official snapshot; lower is better; no public submission leaderboard
CountGD,NeurIPS,2024,not fully reported in CLOC paper,FSC-147-trained official checkpoint; out-of-box on CLOC-v1.1,Microbiology,MAE,11.09,https://github.com/Mengqi-Lei/count-anything/blob/main/assets/readme/cloc_v1_1_main_results_table.png,assets/readme/cloc_v1_1_main_results_table.png,verified,2026-08-10,CLOC-v1.1 corrected-test static official snapshot; lower is better; no public submission leaderboard
YOLO-Count,ICCV,2025,not fully reported in CLOC paper,FSC-147-trained official checkpoint; out-of-box on CLOC-v1.1,Full Test,MAE,33.28,https://github.com/Mengqi-Lei/count-anything/blob/main/assets/readme/cloc_v1_1_main_results_table.png,assets/readme/cloc_v1_1_main_results_table.png,verified,2026-08-10,CLOC-v1.1 corrected-test static official snapshot; lower is better; no public submission leaderboard
YOLO-Count,ICCV,2025,not fully reported in CLOC paper,FSC-147-trained official checkpoint; out-of-box on CLOC-v1.1,Full Test,RMSE,133.66,https://github.com/Mengqi-Lei/count-anything/blob/main/assets/readme/cloc_v1_1_main_results_table.png,assets/readme/cloc_v1_1_main_results_table.png,verified,2026-08-10,CLOC-v1.1 corrected-test static official snapshot; lower is better; no public submission leaderboard
YOLO-Count,ICCV,2025,not fully reported in CLOC paper,FSC-147-trained official checkpoint; out-of-box on CLOC-v1.1,Full Test,NAE,1.08,https://github.com/Mengqi-Lei/count-anything/blob/main/assets/readme/cloc_v1_1_main_results_table.png,assets/readme/cloc_v1_1_main_results_table.png,verified,2026-08-10,CLOC-v1.1 corrected-test static official snapshot; lower is better; no public submission leaderboard
YOLO-Count,ICCV,2025,not fully reported in CLOC paper,FSC-147-trained official checkpoint; out-of-box on CLOC-v1.1,General Scene,MAE,23.95,https://github.com/Mengqi-Lei/count-anything/blob/main/assets/readme/cloc_v1_1_main_results_table.png,assets/readme/cloc_v1_1_main_results_table.png,verified,2026-08-10,CLOC-v1.1 corrected-test static official snapshot; lower is better; no public submission leaderboard
YOLO-Count,ICCV,2025,not fully reported in CLOC paper,FSC-147-trained official checkpoint; out-of-box on CLOC-v1.1,Remote Sensing,MAE,27.7,https://github.com/Mengqi-Lei/count-anything/blob/main/assets/readme/cloc_v1_1_main_results_table.png,assets/readme/cloc_v1_1_main_results_table.png,verified,2026-08-10,CLOC-v1.1 corrected-test static official snapshot; lower is better; no public submission leaderboard
YOLO-Count,ICCV,2025,not fully reported in CLOC paper,FSC-147-trained official checkpoint; out-of-box on CLOC-v1.1,Histopathology,MAE,72.5,https://github.com/Mengqi-Lei/count-anything/blob/main/assets/readme/cloc_v1_1_main_results_table.png,assets/readme/cloc_v1_1_main_results_table.png,verified,2026-08-10,CLOC-v1.1 corrected-test static official snapshot; lower is better; no public submission leaderboard
YOLO-Count,ICCV,2025,not fully reported in CLOC paper,FSC-147-trained official checkpoint; out-of-box on CLOC-v1.1,Cellular Microscopy,MAE,168.37,https://github.com/Mengqi-Lei/count-anything/blob/main/assets/readme/cloc_v1_1_main_results_table.png,assets/readme/cloc_v1_1_main_results_table.png,verified,2026-08-10,CLOC-v1.1 corrected-test static official snapshot; lower is better; no public submission leaderboard
YOLO-Count,ICCV,2025,not fully reported in CLOC paper,FSC-147-trained official checkpoint; out-of-box on CLOC-v1.1,Agriculture,MAE,309.3,https://github.com/Mengqi-Lei/count-anything/blob/main/assets/readme/cloc_v1_1_main_results_table.png,assets/readme/cloc_v1_1_main_results_table.png,verified,2026-08-10,CLOC-v1.1 corrected-test static official snapshot; lower is better; no public submission leaderboard
YOLO-Count,ICCV,2025,not fully reported in CLOC paper,FSC-147-trained official checkpoint; out-of-box on CLOC-v1.1,Microbiology,MAE,24.33,https://github.com/Mengqi-Lei/count-anything/blob/main/assets/readme/cloc_v1_1_main_results_table.png,assets/readme/cloc_v1_1_main_results_table.png,verified,2026-08-10,CLOC-v1.1 corrected-test static official snapshot; lower is better; no public submission leaderboard
T2ICount,CVPR,2025,not fully reported in CLOC paper,FSC-147-trained official checkpoint; out-of-box on CLOC-v1.1,Full Test,MAE,49.7,https://github.com/Mengqi-Lei/count-anything/blob/main/assets/readme/cloc_v1_1_main_results_table.png,assets/readme/cloc_v1_1_main_results_table.png,verified,2026-08-10,CLOC-v1.1 corrected-test static official snapshot; lower is better; no public submission leaderboard
T2ICount,CVPR,2025,not fully reported in CLOC paper,FSC-147-trained official checkpoint; out-of-box on CLOC-v1.1,Full Test,RMSE,156.97,https://github.com/Mengqi-Lei/count-anything/blob/main/assets/readme/cloc_v1_1_main_results_table.png,assets/readme/cloc_v1_1_main_results_table.png,verified,2026-08-10,CLOC-v1.1 corrected-test static official snapshot; lower is better; no public submission leaderboard
T2ICount,CVPR,2025,not fully reported in CLOC paper,FSC-147-trained official checkpoint; out-of-box on CLOC-v1.1,Full Test,NAE,8.83,https://github.com/Mengqi-Lei/count-anything/blob/main/assets/readme/cloc_v1_1_main_results_table.png,assets/readme/cloc_v1_1_main_results_table.png,verified,2026-08-10,CLOC-v1.1 corrected-test static official snapshot; lower is better; no public submission leaderboard
T2ICount,CVPR,2025,not fully reported in CLOC paper,FSC-147-trained official checkpoint; out-of-box on CLOC-v1.1,General Scene,MAE,32.85,https://github.com/Mengqi-Lei/count-anything/blob/main/assets/readme/cloc_v1_1_main_results_table.png,assets/readme/cloc_v1_1_main_results_table.png,verified,2026-08-10,CLOC-v1.1 corrected-test static official snapshot; lower is better; no public submission leaderboard
T2ICount,CVPR,2025,not fully reported in CLOC paper,FSC-147-trained official checkpoint; out-of-box on CLOC-v1.1,Remote Sensing,MAE,62.48,https://github.com/Mengqi-Lei/count-anything/blob/main/assets/readme/cloc_v1_1_main_results_table.png,assets/readme/cloc_v1_1_main_results_table.png,verified,2026-08-10,CLOC-v1.1 corrected-test static official snapshot; lower is better; no public submission leaderboard
T2ICount,CVPR,2025,not fully reported in CLOC paper,FSC-147-trained official checkpoint; out-of-box on CLOC-v1.1,Histopathology,MAE,73.06,https://github.com/Mengqi-Lei/count-anything/blob/main/assets/readme/cloc_v1_1_main_results_table.png,assets/readme/cloc_v1_1_main_results_table.png,verified,2026-08-10,CLOC-v1.1 corrected-test static official snapshot; lower is better; no public submission leaderboard
T2ICount,CVPR,2025,not fully reported in CLOC paper,FSC-147-trained official checkpoint; out-of-box on CLOC-v1.1,Cellular Microscopy,MAE,151.3,https://github.com/Mengqi-Lei/count-anything/blob/main/assets/readme/cloc_v1_1_main_results_table.png,assets/readme/cloc_v1_1_main_results_table.png,verified,2026-08-10,CLOC-v1.1 corrected-test static official snapshot; lower is better; no public submission leaderboard
T2ICount,CVPR,2025,not fully reported in CLOC paper,FSC-147-trained official checkpoint; out-of-box on CLOC-v1.1,Agriculture,MAE,296.37,https://github.com/Mengqi-Lei/count-anything/blob/main/assets/readme/cloc_v1_1_main_results_table.png,assets/readme/cloc_v1_1_main_results_table.png,verified,2026-08-10,CLOC-v1.1 corrected-test static official snapshot; lower is better; no public submission leaderboard
T2ICount,CVPR,2025,not fully reported in CLOC paper,FSC-147-trained official checkpoint; out-of-box on CLOC-v1.1,Microbiology,MAE,203.51,https://github.com/Mengqi-Lei/count-anything/blob/main/assets/readme/cloc_v1_1_main_results_table.png,assets/readme/cloc_v1_1_main_results_table.png,verified,2026-08-10,CLOC-v1.1 corrected-test static official snapshot; lower is better; no public submission leaderboard
CountSE,ICCV,2025,not fully reported in CLOC paper,FSC-147-trained official checkpoint; out-of-box on CLOC-v1.1,Full Test,MAE,27.14,https://github.com/Mengqi-Lei/count-anything/blob/main/assets/readme/cloc_v1_1_main_results_table.png,assets/readme/cloc_v1_1_main_results_table.png,verified,2026-08-10,CLOC-v1.1 corrected-test static official snapshot; lower is better; no public submission leaderboard
CountSE,ICCV,2025,not fully reported in CLOC paper,FSC-147-trained official checkpoint; out-of-box on CLOC-v1.1,Full Test,RMSE,130.03,https://github.com/Mengqi-Lei/count-anything/blob/main/assets/readme/cloc_v1_1_main_results_table.png,assets/readme/cloc_v1_1_main_results_table.png,verified,2026-08-10,CLOC-v1.1 corrected-test static official snapshot; lower is better; no public submission leaderboard
CountSE,ICCV,2025,not fully reported in CLOC paper,FSC-147-trained official checkpoint; out-of-box on CLOC-v1.1,Full Test,NAE,2.16,https://github.com/Mengqi-Lei/count-anything/blob/main/assets/readme/cloc_v1_1_main_results_table.png,assets/readme/cloc_v1_1_main_results_table.png,verified,2026-08-10,CLOC-v1.1 corrected-test static official snapshot; lower is better; no public submission leaderboard
CountSE,ICCV,2025,not fully reported in CLOC paper,FSC-147-trained official checkpoint; out-of-box on CLOC-v1.1,General Scene,MAE,19.4,https://github.com/Mengqi-Lei/count-anything/blob/main/assets/readme/cloc_v1_1_main_results_table.png,assets/readme/cloc_v1_1_main_results_table.png,verified,2026-08-10,CLOC-v1.1 corrected-test static official snapshot; lower is better; no public submission leaderboard
CountSE,ICCV,2025,not fully reported in CLOC paper,FSC-147-trained official checkpoint; out-of-box on CLOC-v1.1,Remote Sensing,MAE,19.08,https://github.com/Mengqi-Lei/count-anything/blob/main/assets/readme/cloc_v1_1_main_results_table.png,assets/readme/cloc_v1_1_main_results_table.png,verified,2026-08-10,CLOC-v1.1 corrected-test static official snapshot; lower is better; no public submission leaderboard
CountSE,ICCV,2025,not fully reported in CLOC paper,FSC-147-trained official checkpoint; out-of-box on CLOC-v1.1,Histopathology,MAE,70.27,https://github.com/Mengqi-Lei/count-anything/blob/main/assets/readme/cloc_v1_1_main_results_table.png,assets/readme/cloc_v1_1_main_results_table.png,verified,2026-08-10,CLOC-v1.1 corrected-test static official snapshot; lower is better; no public submission leaderboard
CountSE,ICCV,2025,not fully reported in CLOC paper,FSC-147-trained official checkpoint; out-of-box on CLOC-v1.1,Cellular Microscopy,MAE,120.08,https://github.com/Mengqi-Lei/count-anything/blob/main/assets/readme/cloc_v1_1_main_results_table.png,assets/readme/cloc_v1_1_main_results_table.png,verified,2026-08-10,CLOC-v1.1 corrected-test static official snapshot; lower is better; no public submission leaderboard
CountSE,ICCV,2025,not fully reported in CLOC paper,FSC-147-trained official checkpoint; out-of-box on CLOC-v1.1,Agriculture,MAE,302.19,https://github.com/Mengqi-Lei/count-anything/blob/main/assets/readme/cloc_v1_1_main_results_table.png,assets/readme/cloc_v1_1_main_results_table.png,verified,2026-08-10,CLOC-v1.1 corrected-test static official snapshot; lower is better; no public submission leaderboard
CountSE,ICCV,2025,not fully reported in CLOC paper,FSC-147-trained official checkpoint; out-of-box on CLOC-v1.1,Microbiology,MAE,22.22,https://github.com/Mengqi-Lei/count-anything/blob/main/assets/readme/cloc_v1_1_main_results_table.png,assets/readme/cloc_v1_1_main_results_table.png,verified,2026-08-10,CLOC-v1.1 corrected-test static official snapshot; lower is better; no public submission leaderboard
CountGD++,CVPR,2026,not fully reported in CLOC paper,FSC-147-trained official checkpoint; out-of-box on CLOC-v1.1,Full Test,MAE,22.01,https://github.com/Mengqi-Lei/count-anything/blob/main/assets/readme/cloc_v1_1_main_results_table.png,assets/readme/cloc_v1_1_main_results_table.png,verified,2026-08-10,CLOC-v1.1 corrected-test static official snapshot; lower is better; no public submission leaderboard
CountGD++,CVPR,2026,not fully reported in CLOC paper,FSC-147-trained official checkpoint; out-of-box on CLOC-v1.1,Full Test,RMSE,122.75,https://github.com/Mengqi-Lei/count-anything/blob/main/assets/readme/cloc_v1_1_main_results_table.png,assets/readme/cloc_v1_1_main_results_table.png,verified,2026-08-10,CLOC-v1.1 corrected-test static official snapshot; lower is better; no public submission leaderboard
CountGD++,CVPR,2026,not fully reported in CLOC paper,FSC-147-trained official checkpoint; out-of-box on CLOC-v1.1,Full Test,NAE,0.95,https://github.com/Mengqi-Lei/count-anything/blob/main/assets/readme/cloc_v1_1_main_results_table.png,assets/readme/cloc_v1_1_main_results_table.png,verified,2026-08-10,CLOC-v1.1 corrected-test static official snapshot; lower is better; no public submission leaderboard
CountGD++,CVPR,2026,not fully reported in CLOC paper,FSC-147-trained official checkpoint; out-of-box on CLOC-v1.1,General Scene,MAE,12.08,https://github.com/Mengqi-Lei/count-anything/blob/main/assets/readme/cloc_v1_1_main_results_table.png,assets/readme/cloc_v1_1_main_results_table.png,verified,2026-08-10,CLOC-v1.1 corrected-test static official snapshot; lower is better; no public submission leaderboard
CountGD++,CVPR,2026,not fully reported in CLOC paper,FSC-147-trained official checkpoint; out-of-box on CLOC-v1.1,Remote Sensing,MAE,10.69,https://github.com/Mengqi-Lei/count-anything/blob/main/assets/readme/cloc_v1_1_main_results_table.png,assets/readme/cloc_v1_1_main_results_table.png,verified,2026-08-10,CLOC-v1.1 corrected-test static official snapshot; lower is better; no public submission leaderboard
CountGD++,CVPR,2026,not fully reported in CLOC paper,FSC-147-trained official checkpoint; out-of-box on CLOC-v1.1,Histopathology,MAE,55.83,https://github.com/Mengqi-Lei/count-anything/blob/main/assets/readme/cloc_v1_1_main_results_table.png,assets/readme/cloc_v1_1_main_results_table.png,verified,2026-08-10,CLOC-v1.1 corrected-test static official snapshot; lower is better; no public submission leaderboard
CountGD++,CVPR,2026,not fully reported in CLOC paper,FSC-147-trained official checkpoint; out-of-box on CLOC-v1.1,Cellular Microscopy,MAE,222.25,https://github.com/Mengqi-Lei/count-anything/blob/main/assets/readme/cloc_v1_1_main_results_table.png,assets/readme/cloc_v1_1_main_results_table.png,verified,2026-08-10,CLOC-v1.1 corrected-test static official snapshot; lower is better; no public submission leaderboard
CountGD++,CVPR,2026,not fully reported in CLOC paper,FSC-147-trained official checkpoint; out-of-box on CLOC-v1.1,Agriculture,MAE,321.99,https://github.com/Mengqi-Lei/count-anything/blob/main/assets/readme/cloc_v1_1_main_results_table.png,assets/readme/cloc_v1_1_main_results_table.png,verified,2026-08-10,CLOC-v1.1 corrected-test static official snapshot; lower is better; no public submission leaderboard
CountGD++,CVPR,2026,not fully reported in CLOC paper,FSC-147-trained official checkpoint; out-of-box on CLOC-v1.1,Microbiology,MAE,43.8,https://github.com/Mengqi-Lei/count-anything/blob/main/assets/readme/cloc_v1_1_main_results_table.png,assets/readme/cloc_v1_1_main_results_table.png,verified,2026-08-10,CLOC-v1.1 corrected-test static official snapshot; lower is better; no public submission leaderboard
GLIP-L,CVPR,2022,CLOC category-name semantics; exact template and thresholds not fully reported,official general-pretrained checkpoint; out-of-box on CLOC-v1.1,Full Test,MAE,37.58,https://github.com/Mengqi-Lei/count-anything/blob/main/assets/readme/cloc_v1_1_main_results_table.png,assets/readme/cloc_v1_1_main_results_table.png,verified,2026-08-10,CLOC-v1.1 corrected-test static official snapshot; lower is better; no public submission leaderboard
GLIP-L,CVPR,2022,CLOC category-name semantics; exact template and thresholds not fully reported,official general-pretrained checkpoint; out-of-box on CLOC-v1.1,Full Test,RMSE,141.95,https://github.com/Mengqi-Lei/count-anything/blob/main/assets/readme/cloc_v1_1_main_results_table.png,assets/readme/cloc_v1_1_main_results_table.png,verified,2026-08-10,CLOC-v1.1 corrected-test static official snapshot; lower is better; no public submission leaderboard
GLIP-L,CVPR,2022,CLOC category-name semantics; exact template and thresholds not fully reported,official general-pretrained checkpoint; out-of-box on CLOC-v1.1,Full Test,NAE,0.81,https://github.com/Mengqi-Lei/count-anything/blob/main/assets/readme/cloc_v1_1_main_results_table.png,assets/readme/cloc_v1_1_main_results_table.png,verified,2026-08-10,CLOC-v1.1 corrected-test static official snapshot; lower is better; no public submission leaderboard
GLIP-L,CVPR,2022,CLOC category-name semantics; exact template and thresholds not fully reported,official general-pretrained checkpoint; out-of-box on CLOC-v1.1,General Scene,MAE,31.05,https://github.com/Mengqi-Lei/count-anything/blob/main/assets/readme/cloc_v1_1_main_results_table.png,assets/readme/cloc_v1_1_main_results_table.png,verified,2026-08-10,CLOC-v1.1 corrected-test static official snapshot; lower is better; no public submission leaderboard
GLIP-L,CVPR,2022,CLOC category-name semantics; exact template and thresholds not fully reported,official general-pretrained checkpoint; out-of-box on CLOC-v1.1,Remote Sensing,MAE,19.57,https://github.com/Mengqi-Lei/count-anything/blob/main/assets/readme/cloc_v1_1_main_results_table.png,assets/readme/cloc_v1_1_main_results_table.png,verified,2026-08-10,CLOC-v1.1 corrected-test static official snapshot; lower is better; no public submission leaderboard
GLIP-L,CVPR,2022,CLOC category-name semantics; exact template and thresholds not fully reported,official general-pretrained checkpoint; out-of-box on CLOC-v1.1,Histopathology,MAE,68.78,https://github.com/Mengqi-Lei/count-anything/blob/main/assets/readme/cloc_v1_1_main_results_table.png,assets/readme/cloc_v1_1_main_results_table.png,verified,2026-08-10,CLOC-v1.1 corrected-test static official snapshot; lower is better; no public submission leaderboard
GLIP-L,CVPR,2022,CLOC category-name semantics; exact template and thresholds not fully reported,official general-pretrained checkpoint; out-of-box on CLOC-v1.1,Cellular Microscopy,MAE,225.42,https://github.com/Mengqi-Lei/count-anything/blob/main/assets/readme/cloc_v1_1_main_results_table.png,assets/readme/cloc_v1_1_main_results_table.png,verified,2026-08-10,CLOC-v1.1 corrected-test static official snapshot; lower is better; no public submission leaderboard
GLIP-L,CVPR,2022,CLOC category-name semantics; exact template and thresholds not fully reported,official general-pretrained checkpoint; out-of-box on CLOC-v1.1,Agriculture,MAE,320.85,https://github.com/Mengqi-Lei/count-anything/blob/main/assets/readme/cloc_v1_1_main_results_table.png,assets/readme/cloc_v1_1_main_results_table.png,verified,2026-08-10,CLOC-v1.1 corrected-test static official snapshot; lower is better; no public submission leaderboard
GLIP-L,CVPR,2022,CLOC category-name semantics; exact template and thresholds not fully reported,official general-pretrained checkpoint; out-of-box on CLOC-v1.1,Microbiology,MAE,43.71,https://github.com/Mengqi-Lei/count-anything/blob/main/assets/readme/cloc_v1_1_main_results_table.png,assets/readme/cloc_v1_1_main_results_table.png,verified,2026-08-10,CLOC-v1.1 corrected-test static official snapshot; lower is better; no public submission leaderboard
YOLO-World-X,CVPR,2024,CLOC category-name semantics; exact template and thresholds not fully reported,official general-pretrained checkpoint; out-of-box on CLOC-v1.1,Full Test,MAE,35.06,https://github.com/Mengqi-Lei/count-anything/blob/main/assets/readme/cloc_v1_1_main_results_table.png,assets/readme/cloc_v1_1_main_results_table.png,verified,2026-08-10,CLOC-v1.1 corrected-test static official snapshot; lower is better; no public submission leaderboard
YOLO-World-X,CVPR,2024,CLOC category-name semantics; exact template and thresholds not fully reported,official general-pretrained checkpoint; out-of-box on CLOC-v1.1,Full Test,RMSE,140.19,https://github.com/Mengqi-Lei/count-anything/blob/main/assets/readme/cloc_v1_1_main_results_table.png,assets/readme/cloc_v1_1_main_results_table.png,verified,2026-08-10,CLOC-v1.1 corrected-test static official snapshot; lower is better; no public submission leaderboard
YOLO-World-X,CVPR,2024,CLOC category-name semantics; exact template and thresholds not fully reported,official general-pretrained checkpoint; out-of-box on CLOC-v1.1,Full Test,NAE,0.76,https://github.com/Mengqi-Lei/count-anything/blob/main/assets/readme/cloc_v1_1_main_results_table.png,assets/readme/cloc_v1_1_main_results_table.png,verified,2026-08-10,CLOC-v1.1 corrected-test static official snapshot; lower is better; no public submission leaderboard
YOLO-World-X,CVPR,2024,CLOC category-name semantics; exact template and thresholds not fully reported,official general-pretrained checkpoint; out-of-box on CLOC-v1.1,General Scene,MAE,28.02,https://github.com/Mengqi-Lei/count-anything/blob/main/assets/readme/cloc_v1_1_main_results_table.png,assets/readme/cloc_v1_1_main_results_table.png,verified,2026-08-10,CLOC-v1.1 corrected-test static official snapshot; lower is better; no public submission leaderboard
YOLO-World-X,CVPR,2024,CLOC category-name semantics; exact template and thresholds not fully reported,official general-pretrained checkpoint; out-of-box on CLOC-v1.1,Remote Sensing,MAE,17.81,https://github.com/Mengqi-Lei/count-anything/blob/main/assets/readme/cloc_v1_1_main_results_table.png,assets/readme/cloc_v1_1_main_results_table.png,verified,2026-08-10,CLOC-v1.1 corrected-test static official snapshot; lower is better; no public submission leaderboard
YOLO-World-X,CVPR,2024,CLOC category-name semantics; exact template and thresholds not fully reported,official general-pretrained checkpoint; out-of-box on CLOC-v1.1,Histopathology,MAE,67.93,https://github.com/Mengqi-Lei/count-anything/blob/main/assets/readme/cloc_v1_1_main_results_table.png,assets/readme/cloc_v1_1_main_results_table.png,verified,2026-08-10,CLOC-v1.1 corrected-test static official snapshot; lower is better; no public submission leaderboard
YOLO-World-X,CVPR,2024,CLOC category-name semantics; exact template and thresholds not fully reported,official general-pretrained checkpoint; out-of-box on CLOC-v1.1,Cellular Microscopy,MAE,226.07,https://github.com/Mengqi-Lei/count-anything/blob/main/assets/readme/cloc_v1_1_main_results_table.png,assets/readme/cloc_v1_1_main_results_table.png,verified,2026-08-10,CLOC-v1.1 corrected-test static official snapshot; lower is better; no public submission leaderboard
YOLO-World-X,CVPR,2024,CLOC category-name semantics; exact template and thresholds not fully reported,official general-pretrained checkpoint; out-of-box on CLOC-v1.1,Agriculture,MAE,321.13,https://github.com/Mengqi-Lei/count-anything/blob/main/assets/readme/cloc_v1_1_main_results_table.png,assets/readme/cloc_v1_1_main_results_table.png,verified,2026-08-10,CLOC-v1.1 corrected-test static official snapshot; lower is better; no public submission leaderboard
YOLO-World-X,CVPR,2024,CLOC category-name semantics; exact template and thresholds not fully reported,official general-pretrained checkpoint; out-of-box on CLOC-v1.1,Microbiology,MAE,42.49,https://github.com/Mengqi-Lei/count-anything/blob/main/assets/readme/cloc_v1_1_main_results_table.png,assets/readme/cloc_v1_1_main_results_table.png,verified,2026-08-10,CLOC-v1.1 corrected-test static official snapshot; lower is better; no public submission leaderboard
GrdDINO-SwinB,ECCV,2024,CLOC category-name semantics; exact template and thresholds not fully reported,official general-pretrained checkpoint; out-of-box on CLOC-v1.1,Full Test,MAE,35.19,https://github.com/Mengqi-Lei/count-anything/blob/main/assets/readme/cloc_v1_1_main_results_table.png,assets/readme/cloc_v1_1_main_results_table.png,verified,2026-08-10,CLOC-v1.1 corrected-test static official snapshot; lower is better; no public submission leaderboard
GrdDINO-SwinB,ECCV,2024,CLOC category-name semantics; exact template and thresholds not fully reported,official general-pretrained checkpoint; out-of-box on CLOC-v1.1,Full Test,RMSE,141.32,https://github.com/Mengqi-Lei/count-anything/blob/main/assets/readme/cloc_v1_1_main_results_table.png,assets/readme/cloc_v1_1_main_results_table.png,verified,2026-08-10,CLOC-v1.1 corrected-test static official snapshot; lower is better; no public submission leaderboard
GrdDINO-SwinB,ECCV,2024,CLOC category-name semantics; exact template and thresholds not fully reported,official general-pretrained checkpoint; out-of-box on CLOC-v1.1,Full Test,NAE,0.78,https://github.com/Mengqi-Lei/count-anything/blob/main/assets/readme/cloc_v1_1_main_results_table.png,assets/readme/cloc_v1_1_main_results_table.png,verified,2026-08-10,CLOC-v1.1 corrected-test static official snapshot; lower is better; no public submission leaderboard
GrdDINO-SwinB,ECCV,2024,CLOC category-name semantics; exact template and thresholds not fully reported,official general-pretrained checkpoint; out-of-box on CLOC-v1.1,General Scene,MAE,29.41,https://github.com/Mengqi-Lei/count-anything/blob/main/assets/readme/cloc_v1_1_main_results_table.png,assets/readme/cloc_v1_1_main_results_table.png,verified,2026-08-10,CLOC-v1.1 corrected-test static official snapshot; lower is better; no public submission leaderboard
GrdDINO-SwinB,ECCV,2024,CLOC category-name semantics; exact template and thresholds not fully reported,official general-pretrained checkpoint; out-of-box on CLOC-v1.1,Remote Sensing,MAE,14.14,https://github.com/Mengqi-Lei/count-anything/blob/main/assets/readme/cloc_v1_1_main_results_table.png,assets/readme/cloc_v1_1_main_results_table.png,verified,2026-08-10,CLOC-v1.1 corrected-test static official snapshot; lower is better; no public submission leaderboard
GrdDINO-SwinB,ECCV,2024,CLOC category-name semantics; exact template and thresholds not fully reported,official general-pretrained checkpoint; out-of-box on CLOC-v1.1,Histopathology,MAE,69.11,https://github.com/Mengqi-Lei/count-anything/blob/main/assets/readme/cloc_v1_1_main_results_table.png,assets/readme/cloc_v1_1_main_results_table.png,verified,2026-08-10,CLOC-v1.1 corrected-test static official snapshot; lower is better; no public submission leaderboard
GrdDINO-SwinB,ECCV,2024,CLOC category-name semantics; exact template and thresholds not fully reported,official general-pretrained checkpoint; out-of-box on CLOC-v1.1,Cellular Microscopy,MAE,224.96,https://github.com/Mengqi-Lei/count-anything/blob/main/assets/readme/cloc_v1_1_main_results_table.png,assets/readme/cloc_v1_1_main_results_table.png,verified,2026-08-10,CLOC-v1.1 corrected-test static official snapshot; lower is better; no public submission leaderboard
GrdDINO-SwinB,ECCV,2024,CLOC category-name semantics; exact template and thresholds not fully reported,official general-pretrained checkpoint; out-of-box on CLOC-v1.1,Agriculture,MAE,320.17,https://github.com/Mengqi-Lei/count-anything/blob/main/assets/readme/cloc_v1_1_main_results_table.png,assets/readme/cloc_v1_1_main_results_table.png,verified,2026-08-10,CLOC-v1.1 corrected-test static official snapshot; lower is better; no public submission leaderboard
GrdDINO-SwinB,ECCV,2024,CLOC category-name semantics; exact template and thresholds not fully reported,official general-pretrained checkpoint; out-of-box on CLOC-v1.1,Microbiology,MAE,43.75,https://github.com/Mengqi-Lei/count-anything/blob/main/assets/readme/cloc_v1_1_main_results_table.png,assets/readme/cloc_v1_1_main_results_table.png,verified,2026-08-10,CLOC-v1.1 corrected-test static official snapshot; lower is better; no public submission leaderboard
YOLOE-v8L,ICCV,2025,CLOC category-name semantics; exact template and thresholds not fully reported,official general-pretrained checkpoint; out-of-box on CLOC-v1.1,Full Test,MAE,40.21,https://github.com/Mengqi-Lei/count-anything/blob/main/assets/readme/cloc_v1_1_main_results_table.png,assets/readme/cloc_v1_1_main_results_table.png,verified,2026-08-10,CLOC-v1.1 corrected-test static official snapshot; lower is better; no public submission leaderboard
YOLOE-v8L,ICCV,2025,CLOC category-name semantics; exact template and thresholds not fully reported,official general-pretrained checkpoint; out-of-box on CLOC-v1.1,Full Test,RMSE,142.47,https://github.com/Mengqi-Lei/count-anything/blob/main/assets/readme/cloc_v1_1_main_results_table.png,assets/readme/cloc_v1_1_main_results_table.png,verified,2026-08-10,CLOC-v1.1 corrected-test static official snapshot; lower is better; no public submission leaderboard
YOLOE-v8L,ICCV,2025,CLOC category-name semantics; exact template and thresholds not fully reported,official general-pretrained checkpoint; out-of-box on CLOC-v1.1,Full Test,NAE,0.99,https://github.com/Mengqi-Lei/count-anything/blob/main/assets/readme/cloc_v1_1_main_results_table.png,assets/readme/cloc_v1_1_main_results_table.png,verified,2026-08-10,CLOC-v1.1 corrected-test static official snapshot; lower is better; no public submission leaderboard
YOLOE-v8L,ICCV,2025,CLOC category-name semantics; exact template and thresholds not fully reported,official general-pretrained checkpoint; out-of-box on CLOC-v1.1,General Scene,MAE,33.94,https://github.com/Mengqi-Lei/count-anything/blob/main/assets/readme/cloc_v1_1_main_results_table.png,assets/readme/cloc_v1_1_main_results_table.png,verified,2026-08-10,CLOC-v1.1 corrected-test static official snapshot; lower is better; no public submission leaderboard
YOLOE-v8L,ICCV,2025,CLOC category-name semantics; exact template and thresholds not fully reported,official general-pretrained checkpoint; out-of-box on CLOC-v1.1,Remote Sensing,MAE,21.78,https://github.com/Mengqi-Lei/count-anything/blob/main/assets/readme/cloc_v1_1_main_results_table.png,assets/readme/cloc_v1_1_main_results_table.png,verified,2026-08-10,CLOC-v1.1 corrected-test static official snapshot; lower is better; no public submission leaderboard
YOLOE-v8L,ICCV,2025,CLOC category-name semantics; exact template and thresholds not fully reported,official general-pretrained checkpoint; out-of-box on CLOC-v1.1,Histopathology,MAE,69.99,https://github.com/Mengqi-Lei/count-anything/blob/main/assets/readme/cloc_v1_1_main_results_table.png,assets/readme/cloc_v1_1_main_results_table.png,verified,2026-08-10,CLOC-v1.1 corrected-test static official snapshot; lower is better; no public submission leaderboard
YOLOE-v8L,ICCV,2025,CLOC category-name semantics; exact template and thresholds not fully reported,official general-pretrained checkpoint; out-of-box on CLOC-v1.1,Cellular Microscopy,MAE,228.28,https://github.com/Mengqi-Lei/count-anything/blob/main/assets/readme/cloc_v1_1_main_results_table.png,assets/readme/cloc_v1_1_main_results_table.png,verified,2026-08-10,CLOC-v1.1 corrected-test static official snapshot; lower is better; no public submission leaderboard
YOLOE-v8L,ICCV,2025,CLOC category-name semantics; exact template and thresholds not fully reported,official general-pretrained checkpoint; out-of-box on CLOC-v1.1,Agriculture,MAE,321.97,https://github.com/Mengqi-Lei/count-anything/blob/main/assets/readme/cloc_v1_1_main_results_table.png,assets/readme/cloc_v1_1_main_results_table.png,verified,2026-08-10,CLOC-v1.1 corrected-test static official snapshot; lower is better; no public submission leaderboard
YOLOE-v8L,ICCV,2025,CLOC category-name semantics; exact template and thresholds not fully reported,official general-pretrained checkpoint; out-of-box on CLOC-v1.1,Microbiology,MAE,44.8,https://github.com/Mengqi-Lei/count-anything/blob/main/assets/readme/cloc_v1_1_main_results_table.png,assets/readme/cloc_v1_1_main_results_table.png,verified,2026-08-10,CLOC-v1.1 corrected-test static official snapshot; lower is better; no public submission leaderboard
YOLOE-11L,ICCV,2025,CLOC category-name semantics; exact template and thresholds not fully reported,official general-pretrained checkpoint; out-of-box on CLOC-v1.1,Full Test,MAE,40.24,https://github.com/Mengqi-Lei/count-anything/blob/main/assets/readme/cloc_v1_1_main_results_table.png,assets/readme/cloc_v1_1_main_results_table.png,verified,2026-08-10,CLOC-v1.1 corrected-test static official snapshot; lower is better; no public submission leaderboard
YOLOE-11L,ICCV,2025,CLOC category-name semantics; exact template and thresholds not fully reported,official general-pretrained checkpoint; out-of-box on CLOC-v1.1,Full Test,RMSE,142.46,https://github.com/Mengqi-Lei/count-anything/blob/main/assets/readme/cloc_v1_1_main_results_table.png,assets/readme/cloc_v1_1_main_results_table.png,verified,2026-08-10,CLOC-v1.1 corrected-test static official snapshot; lower is better; no public submission leaderboard
YOLOE-11L,ICCV,2025,CLOC category-name semantics; exact template and thresholds not fully reported,official general-pretrained checkpoint; out-of-box on CLOC-v1.1,Full Test,NAE,1,https://github.com/Mengqi-Lei/count-anything/blob/main/assets/readme/cloc_v1_1_main_results_table.png,assets/readme/cloc_v1_1_main_results_table.png,verified,2026-08-10,CLOC-v1.1 corrected-test static official snapshot; lower is better; no public submission leaderboard
YOLOE-11L,ICCV,2025,CLOC category-name semantics; exact template and thresholds not fully reported,official general-pretrained checkpoint; out-of-box on CLOC-v1.1,General Scene,MAE,33.98,https://github.com/Mengqi-Lei/count-anything/blob/main/assets/readme/cloc_v1_1_main_results_table.png,assets/readme/cloc_v1_1_main_results_table.png,verified,2026-08-10,CLOC-v1.1 corrected-test static official snapshot; lower is better; no public submission leaderboard
YOLOE-11L,ICCV,2025,CLOC category-name semantics; exact template and thresholds not fully reported,official general-pretrained checkpoint; out-of-box on CLOC-v1.1,Remote Sensing,MAE,21.79,https://github.com/Mengqi-Lei/count-anything/blob/main/assets/readme/cloc_v1_1_main_results_table.png,assets/readme/cloc_v1_1_main_results_table.png,verified,2026-08-10,CLOC-v1.1 corrected-test static official snapshot; lower is better; no public submission leaderboard
YOLOE-11L,ICCV,2025,CLOC category-name semantics; exact template and thresholds not fully reported,official general-pretrained checkpoint; out-of-box on CLOC-v1.1,Histopathology,MAE,69.95,https://github.com/Mengqi-Lei/count-anything/blob/main/assets/readme/cloc_v1_1_main_results_table.png,assets/readme/cloc_v1_1_main_results_table.png,verified,2026-08-10,CLOC-v1.1 corrected-test static official snapshot; lower is better; no public submission leaderboard
YOLOE-11L,ICCV,2025,CLOC category-name semantics; exact template and thresholds not fully reported,official general-pretrained checkpoint; out-of-box on CLOC-v1.1,Cellular Microscopy,MAE,228.24,https://github.com/Mengqi-Lei/count-anything/blob/main/assets/readme/cloc_v1_1_main_results_table.png,assets/readme/cloc_v1_1_main_results_table.png,verified,2026-08-10,CLOC-v1.1 corrected-test static official snapshot; lower is better; no public submission leaderboard
YOLOE-11L,ICCV,2025,CLOC category-name semantics; exact template and thresholds not fully reported,official general-pretrained checkpoint; out-of-box on CLOC-v1.1,Agriculture,MAE,321.88,https://github.com/Mengqi-Lei/count-anything/blob/main/assets/readme/cloc_v1_1_main_results_table.png,assets/readme/cloc_v1_1_main_results_table.png,verified,2026-08-10,CLOC-v1.1 corrected-test static official snapshot; lower is better; no public submission leaderboard
YOLOE-11L,ICCV,2025,CLOC category-name semantics; exact template and thresholds not fully reported,official general-pretrained checkpoint; out-of-box on CLOC-v1.1,Microbiology,MAE,44.81,https://github.com/Mengqi-Lei/count-anything/blob/main/assets/readme/cloc_v1_1_main_results_table.png,assets/readme/cloc_v1_1_main_results_table.png,verified,2026-08-10,CLOC-v1.1 corrected-test static official snapshot; lower is better; no public submission leaderboard
SAM3,ICLR,2026,CLOC category-name semantics; exact template and thresholds not fully reported,official general-pretrained checkpoint; out-of-box on CLOC-v1.1,Full Test,MAE,25.65,https://github.com/Mengqi-Lei/count-anything/blob/main/assets/readme/cloc_v1_1_main_results_table.png,assets/readme/cloc_v1_1_main_results_table.png,verified,2026-08-10,CLOC-v1.1 corrected-test static official snapshot; lower is better; no public submission leaderboard
SAM3,ICLR,2026,CLOC category-name semantics; exact template and thresholds not fully reported,official general-pretrained checkpoint; out-of-box on CLOC-v1.1,Full Test,RMSE,132.07,https://github.com/Mengqi-Lei/count-anything/blob/main/assets/readme/cloc_v1_1_main_results_table.png,assets/readme/cloc_v1_1_main_results_table.png,verified,2026-08-10,CLOC-v1.1 corrected-test static official snapshot; lower is better; no public submission leaderboard
SAM3,ICLR,2026,CLOC category-name semantics; exact template and thresholds not fully reported,official general-pretrained checkpoint; out-of-box on CLOC-v1.1,Full Test,NAE,0.85,https://github.com/Mengqi-Lei/count-anything/blob/main/assets/readme/cloc_v1_1_main_results_table.png,assets/readme/cloc_v1_1_main_results_table.png,verified,2026-08-10,CLOC-v1.1 corrected-test static official snapshot; lower is better; no public submission leaderboard
SAM3,ICLR,2026,CLOC category-name semantics; exact template and thresholds not fully reported,official general-pretrained checkpoint; out-of-box on CLOC-v1.1,General Scene,MAE,18.85,https://github.com/Mengqi-Lei/count-anything/blob/main/assets/readme/cloc_v1_1_main_results_table.png,assets/readme/cloc_v1_1_main_results_table.png,verified,2026-08-10,CLOC-v1.1 corrected-test static official snapshot; lower is better; no public submission leaderboard
SAM3,ICLR,2026,CLOC category-name semantics; exact template and thresholds not fully reported,official general-pretrained checkpoint; out-of-box on CLOC-v1.1,Remote Sensing,MAE,10.88,https://github.com/Mengqi-Lei/count-anything/blob/main/assets/readme/cloc_v1_1_main_results_table.png,assets/readme/cloc_v1_1_main_results_table.png,verified,2026-08-10,CLOC-v1.1 corrected-test static official snapshot; lower is better; no public submission leaderboard
SAM3,ICLR,2026,CLOC category-name semantics; exact template and thresholds not fully reported,official general-pretrained checkpoint; out-of-box on CLOC-v1.1,Histopathology,MAE,64.32,https://github.com/Mengqi-Lei/count-anything/blob/main/assets/readme/cloc_v1_1_main_results_table.png,assets/readme/cloc_v1_1_main_results_table.png,verified,2026-08-10,CLOC-v1.1 corrected-test static official snapshot; lower is better; no public submission leaderboard
SAM3,ICLR,2026,CLOC category-name semantics; exact template and thresholds not fully reported,official general-pretrained checkpoint; out-of-box on CLOC-v1.1,Cellular Microscopy,MAE,152.45,https://github.com/Mengqi-Lei/count-anything/blob/main/assets/readme/cloc_v1_1_main_results_table.png,assets/readme/cloc_v1_1_main_results_table.png,verified,2026-08-10,CLOC-v1.1 corrected-test static official snapshot; lower is better; no public submission leaderboard
SAM3,ICLR,2026,CLOC category-name semantics; exact template and thresholds not fully reported,official general-pretrained checkpoint; out-of-box on CLOC-v1.1,Agriculture,MAE,315.88,https://github.com/Mengqi-Lei/count-anything/blob/main/assets/readme/cloc_v1_1_main_results_table.png,assets/readme/cloc_v1_1_main_results_table.png,verified,2026-08-10,CLOC-v1.1 corrected-test static official snapshot; lower is better; no public submission leaderboard
SAM3,ICLR,2026,CLOC category-name semantics; exact template and thresholds not fully reported,official general-pretrained checkpoint; out-of-box on CLOC-v1.1,Microbiology,MAE,37.04,https://github.com/Mengqi-Lei/count-anything/blob/main/assets/readme/cloc_v1_1_main_results_table.png,assets/readme/cloc_v1_1_main_results_table.png,verified,2026-08-10,CLOC-v1.1 corrected-test static official snapshot; lower is better; no public submission leaderboard
LocateAnything-3B,arXiv,2026,not fully reported in CLOC paper,official checkpoint; no CLOC fine-tuning reported,Full Test,MAE,32.43,https://github.com/Mengqi-Lei/count-anything/blob/main/assets/readme/cloc_v1_1_main_results_table.png,assets/readme/cloc_v1_1_main_results_table.png,verified,2026-08-10,CLOC-v1.1 corrected-test static official snapshot; lower is better; no public submission leaderboard
LocateAnything-3B,arXiv,2026,not fully reported in CLOC paper,official checkpoint; no CLOC fine-tuning reported,Full Test,RMSE,144.35,https://github.com/Mengqi-Lei/count-anything/blob/main/assets/readme/cloc_v1_1_main_results_table.png,assets/readme/cloc_v1_1_main_results_table.png,verified,2026-08-10,CLOC-v1.1 corrected-test static official snapshot; lower is better; no public submission leaderboard
LocateAnything-3B,arXiv,2026,not fully reported in CLOC paper,official checkpoint; no CLOC fine-tuning reported,Full Test,NAE,0.71,https://github.com/Mengqi-Lei/count-anything/blob/main/assets/readme/cloc_v1_1_main_results_table.png,assets/readme/cloc_v1_1_main_results_table.png,verified,2026-08-10,CLOC-v1.1 corrected-test static official snapshot; lower is better; no public submission leaderboard
LocateAnything-3B,arXiv,2026,not fully reported in CLOC paper,official checkpoint; no CLOC fine-tuning reported,General Scene,MAE,26.96,https://github.com/Mengqi-Lei/count-anything/blob/main/assets/readme/cloc_v1_1_main_results_table.png,assets/readme/cloc_v1_1_main_results_table.png,verified,2026-08-10,CLOC-v1.1 corrected-test static official snapshot; lower is better; no public submission leaderboard
LocateAnything-3B,arXiv,2026,not fully reported in CLOC paper,official checkpoint; no CLOC fine-tuning reported,Remote Sensing,MAE,12.36,https://github.com/Mengqi-Lei/count-anything/blob/main/assets/readme/cloc_v1_1_main_results_table.png,assets/readme/cloc_v1_1_main_results_table.png,verified,2026-08-10,CLOC-v1.1 corrected-test static official snapshot; lower is better; no public submission leaderboard
LocateAnything-3B,arXiv,2026,not fully reported in CLOC paper,official checkpoint; no CLOC fine-tuning reported,Histopathology,MAE,76,https://github.com/Mengqi-Lei/count-anything/blob/main/assets/readme/cloc_v1_1_main_results_table.png,assets/readme/cloc_v1_1_main_results_table.png,verified,2026-08-10,CLOC-v1.1 corrected-test static official snapshot; lower is better; no public submission leaderboard
LocateAnything-3B,arXiv,2026,not fully reported in CLOC paper,official checkpoint; no CLOC fine-tuning reported,Cellular Microscopy,MAE,198.35,https://github.com/Mengqi-Lei/count-anything/blob/main/assets/readme/cloc_v1_1_main_results_table.png,assets/readme/cloc_v1_1_main_results_table.png,verified,2026-08-10,CLOC-v1.1 corrected-test static official snapshot; lower is better; no public submission leaderboard
LocateAnything-3B,arXiv,2026,not fully reported in CLOC paper,official checkpoint; no CLOC fine-tuning reported,Agriculture,MAE,305.21,https://github.com/Mengqi-Lei/count-anything/blob/main/assets/readme/cloc_v1_1_main_results_table.png,assets/readme/cloc_v1_1_main_results_table.png,verified,2026-08-10,CLOC-v1.1 corrected-test static official snapshot; lower is better; no public submission leaderboard
LocateAnything-3B,arXiv,2026,not fully reported in CLOC paper,official checkpoint; no CLOC fine-tuning reported,Microbiology,MAE,31.18,https://github.com/Mengqi-Lei/count-anything/blob/main/assets/readme/cloc_v1_1_main_results_table.png,assets/readme/cloc_v1_1_main_results_table.png,verified,2026-08-10,CLOC-v1.1 corrected-test static official snapshot; lower is better; no public submission leaderboard
Count Anything,arXiv,2026,category name; prompt_text=__auto__,trained on full CLOC train split; SAM3 encoder frozen; LoRA cross-modal encoder; RSC/PDC trained for 30 epochs,Full Test,MAE,8.39,https://github.com/Mengqi-Lei/count-anything/blob/main/assets/readme/cloc_v1_1_main_results_table.png,assets/readme/cloc_v1_1_main_results_table.png,verified,2026-08-10,CLOC-v1.1 corrected-test static official snapshot; lower is better; no public submission leaderboard
Count Anything,arXiv,2026,category name; prompt_text=__auto__,trained on full CLOC train split; SAM3 encoder frozen; LoRA cross-modal encoder; RSC/PDC trained for 30 epochs,Full Test,RMSE,32,https://github.com/Mengqi-Lei/count-anything/blob/main/assets/readme/cloc_v1_1_main_results_table.png,assets/readme/cloc_v1_1_main_results_table.png,verified,2026-08-10,CLOC-v1.1 corrected-test static official snapshot; lower is better; no public submission leaderboard
Count Anything,arXiv,2026,category name; prompt_text=__auto__,trained on full CLOC train split; SAM3 encoder frozen; LoRA cross-modal encoder; RSC/PDC trained for 30 epochs,Full Test,NAE,0.65,https://github.com/Mengqi-Lei/count-anything/blob/main/assets/readme/cloc_v1_1_main_results_table.png,assets/readme/cloc_v1_1_main_results_table.png,verified,2026-08-10,CLOC-v1.1 corrected-test static official snapshot; lower is better; no public submission leaderboard
Count Anything,arXiv,2026,category name; prompt_text=__auto__,trained on full CLOC train split; SAM3 encoder frozen; LoRA cross-modal encoder; RSC/PDC trained for 30 epochs,General Scene,MAE,7.36,https://github.com/Mengqi-Lei/count-anything/blob/main/assets/readme/cloc_v1_1_main_results_table.png,assets/readme/cloc_v1_1_main_results_table.png,verified,2026-08-10,CLOC-v1.1 corrected-test static official snapshot; lower is better; no public submission leaderboard
Count Anything,arXiv,2026,category name; prompt_text=__auto__,trained on full CLOC train split; SAM3 encoder frozen; LoRA cross-modal encoder; RSC/PDC trained for 30 epochs,Remote Sensing,MAE,6.19,https://github.com/Mengqi-Lei/count-anything/blob/main/assets/readme/cloc_v1_1_main_results_table.png,assets/readme/cloc_v1_1_main_results_table.png,verified,2026-08-10,CLOC-v1.1 corrected-test static official snapshot; lower is better; no public submission leaderboard
Count Anything,arXiv,2026,category name; prompt_text=__auto__,trained on full CLOC train split; SAM3 encoder frozen; LoRA cross-modal encoder; RSC/PDC trained for 30 epochs,Histopathology,MAE,16.64,https://github.com/Mengqi-Lei/count-anything/blob/main/assets/readme/cloc_v1_1_main_results_table.png,assets/readme/cloc_v1_1_main_results_table.png,verified,2026-08-10,CLOC-v1.1 corrected-test static official snapshot; lower is better; no public submission leaderboard
Count Anything,arXiv,2026,category name; prompt_text=__auto__,trained on full CLOC train split; SAM3 encoder frozen; LoRA cross-modal encoder; RSC/PDC trained for 30 epochs,Cellular Microscopy,MAE,38.65,https://github.com/Mengqi-Lei/count-anything/blob/main/assets/readme/cloc_v1_1_main_results_table.png,assets/readme/cloc_v1_1_main_results_table.png,verified,2026-08-10,CLOC-v1.1 corrected-test static official snapshot; lower is better; no public submission leaderboard
Count Anything,arXiv,2026,category name; prompt_text=__auto__,trained on full CLOC train split; SAM3 encoder frozen; LoRA cross-modal encoder; RSC/PDC trained for 30 epochs,Agriculture,MAE,41.78,https://github.com/Mengqi-Lei/count-anything/blob/main/assets/readme/cloc_v1_1_main_results_table.png,assets/readme/cloc_v1_1_main_results_table.png,verified,2026-08-10,CLOC-v1.1 corrected-test static official snapshot; lower is better; no public submission leaderboard
Count Anything,arXiv,2026,category name; prompt_text=__auto__,trained on full CLOC train split; SAM3 encoder frozen; LoRA cross-modal encoder; RSC/PDC trained for 30 epochs,Microbiology,MAE,4.3,https://github.com/Mengqi-Lei/count-anything/blob/main/assets/readme/cloc_v1_1_main_results_table.png,assets/readme/cloc_v1_1_main_results_table.png,verified,2026-08-10,CLOC-v1.1 corrected-test static official snapshot; lower is better; no public submission leaderboard
